{
  "data": [
    {
      "logo": "organizr.png",
      "title": "Organizr",
      "quote": "HTPC/Homelab Services Organizer - Written in PHP",
      "inviteCode": "TrNtY7N",
      "githubUrl": "https://github.com/causefx/organizr"
    },
    {
      "logo": "yarnpkg.svg",
      "title": "Yarnpkg",
      "quote": "Discord helped us get in touch with Yarn's contributors, and empowered them to become maintainers in the process.",
      "inviteCode": "yarnpkg",
      "githubUrl": "https://github.com/yarnpkg"
    },
    {
      "logo": "reactiflux.svg",
      "title": "Reactiflux",
      "quote": "Discord is the easiest platform to join... All they need to do is provide a name. No permission granting, no password, no email confirmation... This is critically useful for us, and will make Reactiflux even more open and accessible.",
      "quoteSourceUrl": "https://reactjs.org/blog/2015/10/19/reactiflux-is-moving-to-discord.html",
      "inviteCode": "reactiflux",
      "githubUrl": "https://github.com/reactiflux"
    },
    {
      "logo": "augur.svg",
      "title": "Augur",
      "quote": "Discord has many of the same features of Slack, however they... give us better community moderation tools. Security features such as link checking and validation is built in. Discord will allow us to grow our online community without any restrictions with our upcoming launch.",
      "quoteSourceUrl": "https://medium.com/@AugurProject/adopting-discord-10d1b30bfcbb",
      "inviteCode": "faud6Fx",
      "githubUrl": "https://github.com/AugurProject"
    },
    {
      "logo": "vuejs.svg",
      "title": "Vue.js",
      "quote": "The discussion is about how manageable Gitter currently is with over 10k users on gitter.im/vuejs/vue in which someone can easily get lost...[T]he plan right now is to switch to Discord which seems to be an easier to follow product.",
      "quoteSourceUrl": "https://vuejsfeed.com/blog/gitter-chat-for-vue-js-is-moving-to-discord",
      "inviteCode": "HBherRA",
      "githubUrl": "https://github.com/vuejs"
    },
    {
      "logo": "opus.svg",
      "title": "Opus Foundation",
      "quote": "Opus is not the first to move from Slack to Discord; lots of companies have announced this change in the past. ...[O]ur move is motivated solely by the desire to increase security for our community, decrease the number of spammers, and make communication easier.",
      "quoteSourceUrl": "https://medium.com/@info_62555/were-moving-to-discord-fb37b58a8386",
      "inviteCode": "JJD5Gtz",
      "githubUrl": "https://github.com/Opus-foundation/"
    },
    {
      "logo": "sia.svg",
      "title": "Sia",
      "quote": "Discord... was specifically built for huge online communities. Its intended audience is gamers, but many large communities have switched from Slack to Discord, including development communities...",
      "quoteSourceUrl": "https://blog.sia.tech/sia-is-moving-from-slack-to-discord-195f87feb6a6",
      "inviteCode": "sia",
      "githubUrl": "https://github.com/NebulousLabs/Sia"
    },
    {
      "logo": "homeasst.svg",
      "title": "Home Assistant",
      "quote": "It's allowed more integrated communication between the developers and users helping to fix issues faster as well as encourage new developers to join/contribute. The features of Discord allow us to better direct people to specific channels for help with their niche issues as well as quickly distribute information about any issues that may impact many users",
      "quoteSourceUrl": "https://home-assistant.io/blog/2017/07/03/home-assistant-is-moving-to-discord/",
      "inviteCode": "c5DvZ4e",
      "githubUrl": "https://github.com/home-assistant"
    },
    {
      "logo": "ubiq.svg",
      "title": "Ubiq",
      "quote": "We've really enjoyed the swap to discord where we can provide an intuitive new member experience while protecting existing members from phishing and scams. This is key as we expand our bot capability to blockchain interaction like tipping.",
      "quoteSrc": "https://blog.ubiqsmart.com/ubiq-has-now-officially-moved-to-discord-85cf61e63571",
      "inviteCode": "HF6vEGF",
      "githubUrl": "https://github.com/ubiq"
    },
    {
      "logo": "vuetify.svg",
      "title": "Vuetify",
      "quote": "We started using Discord as we opened up Patreon. It integrated flawlessly and provided us with a platform to help recognize our contributors. Thank you!",
      "inviteCode": "s93b7Fv",
      "githubUrl": "https://github.com/vuetifyjs"
    },
    {
      "logo": "hearthsim.svg",
      "title": "HearthSim",
      "quote": "Discord powers our open source developer community, our company's virtual offices and our end-user community. We're huge fans.",
      "inviteCode": "hearthsim",
      "githubUrl": "https://github.com/HearthSim"
    },
    {
      "logo": "sharex.svg",
      "title": "ShareX",
      "quote": "We use Discord as our main communication channel with our users. When we are adding new features we can discuss it with users and get their feedback. It is also helpful for users to get support more quickly too, because when we are not available there will still be other users who can help with answering questions.",
      "inviteCode": "ShareX",
      "githubUrl": "https://github.com/ShareX/ShareX"
    },
    {
      "logo": "jest.png",
      "title": "Jest",
      "inviteCode": "yrPdTqR",
      "githubUrl": "https://github.com/facebook/jest"
    },
    {
      "logo": "elixir.png",
      "title": "Elixir",
      "inviteCode": "elixir",
      "githubUrl": "https://github.com/elixir-lang"
    },
    {
      "logo": "redux.svg",
      "title": "Redux",
      "inviteCode": "aD26W3P",
      "githubUrl": "https://github.com/reactjs/redux"
    },
    {
      "logo": "graphql.svg",
      "title": "GraphQL",
      "inviteCode": "ef2h6QM",
      "githubUrl": "https://github.com/graphql"
    },
    {
      "logo": "reasonml.png",
      "title": "ReasonML",
      "inviteCode": "reasonml",
      "githubUrl": "https://github.com/facebook/reason"
    },
    {
      "logo": "formik.png",
      "title": "Formik",
      "inviteCode": "BYTdAgs",
      "githubUrl": "https://github.com/jaredpalmer/formik"
    },
    {
      "logo": "relay.svg",
      "title": "Relay",
      "inviteCode": "A5KakZH",
      "githubUrl": "https://github.com/facebook/relay"
    },
    {
      "logo": "docusaurus.png",
      "title": "Docusaurus",
      "inviteCode": "docusaurus",
      "githubUrl": "https://github.com/facebook/Docusaurus"
    },
    {
      "logo": "quasar.svg",
      "title": "Quasar",
      "inviteCode": "5TDhbDg",
      "githubUrl": "https://github.com/quasarframework/quasar"
    },
    {
      "logo": "flarum.svg",
      "title": "Flarum",
      "quote": "Discord shines not only in terms of performance, but more so in regards to design and ux. There is no other decent communication client able to match Discord, period.",
      "inviteCode": "3fnPSjA",
      "githubUrl": "https://github.com/flarum/flarum"
    },
    {
      "logo": "rnfirebase.svg",
      "title": "React Native Firebase",
      "quote": "We tried Gitter, we tried Slack and then we loved Discord. It provides us with far more customisation than the previous two - especially in regards to user roles.",
      "inviteCode": "C9aK28N",
      "githubUrl": "https://github.com/invertase/react-native-firebase"
    },
    {
      "logo": "obsproject.svg",
      "title": "OBS Studio",
      "quote": "Discord helps the OBS Project maintainers, contributors, volunteers, users, and community at large keep in touch with one another in a single centralized and organized location.",
      "inviteCode": "obsproject",
      "githubUrl": "https://github.com/obsproject/obs-studio"
    },
    {
      "logo": "rigsofrods.svg",
      "title": "Rigs of Rods",
      "inviteCode": "rigsofrods",
      "githubUrl": "https://github.com/RigsOfRods/rigs-of-rods"
    },
    {
      "logo": "myst.svg",
      "title": "Myst Language",
      "quote": "Discord is by far the the best place to start a fledgling community like ours with an incredibly low barrier-to-entry and beautifully simple interface, but also providing powerful tools and infrastructure to grow massively (should that ever happen) without paywalls or having to switch services.",
      "inviteCode": "8FtMeac",
      "githubUrl": "https://github.com/myst-lang/myst"
    },
    {
      "logo": "nodecg.svg",
      "title": "NodeCG",
      "inviteCode": "NNmVz4x",
      "githubUrl": "https://github.com/nodecg/nodecg"
    },
    {
      "logo": "linuxgsm.svg",
      "title": "LinuxGSM",
      "quote": "Discord is a great cross-platorm tool to support a community of gamers who want to setup there own Linux game server. Making it easy for everyone to help and collaborate together.",
      "inviteCode": "UM4VTpK",
      "githubUrl": "https://github.com/GameServerManagers/LinuxGSM"
    },
    {
      "logo": "opendota.svg",
      "title": "OpenDota",
      "quote": "Community-maintained open source Dota 2 data platform.",
      "quoteSourceUrl": "https://github.com/odota",
      "inviteCode": "0o5SQGbXuWCNDcaF",
      "githubUrl": "https://github.com/odota"
    }
    {
      "logo": "rpcs3.svg",
      "title": "RPCS3",
      "quote": "RPCS3 is the world's first PlayStation 3 emulator. We use Discord to provide support for our users, has allowed easy collaboration between contributors and is a great place for our patrons to discuss development.",
      "inviteCode": "bVz5e6",
      "githubUrl": "https://github.com/RPCS3/rpcs3"
    }
  ]
}
